"","baseMean","log2FoldChange","lfcSE","stat","pvalue","padj"
"ABCD1",2.0739017491389,0.97595704955502,0.254753527567754,3.83098541901624,0.000127631069705719,0.00510524278822878
"ABHD14B",38.9968767595578,0.764150693225366,0.158230204534679,4.82936045916498,1.36972261279974e-06,0.000381140205300796
"ABL1",14.4069991022358,0.633317572272542,0.173345198550224,3.6535051306255,0.000258684617089151,0.00788372166366935
"ABL2",26.2180182010528,0.390383847176616,0.103141521851464,3.78493394482596,0.000153749410518693,0.00573758733130984
"ACAP3",4.27555305754706,1.09783540915178,0.204274768985932,5.37430743210085,7.68775934603343e-08,7.56948612532522e-05
"ACSL5",39.0814237350133,0.50157441949033,0.12036019596348,4.16727818923224,3.08258220468311e-05,0.00211510742101278
"ADAM15",13.8937200714341,1.27448289532179,0.240605852028756,5.29697380415117,1.17737577897151e-07,8.86494704166787e-05
"ADAMTS13",27.7272444004718,0.596136283959066,0.162502521352849,3.66847405810184,0.000244002446629701,0.0075258585948438
"ADIPOR2",104.552935313671,0.35039679752928,0.068053673487805,5.1488300274058,2.62116269148122e-07,0.000148916236517521
"ADIRF",72.863660874833,0.702640956364481,0.163667180907288,4.29310844403501,1.76188896331101e-05,0.0016245118947811
"AEBP1",13.1507437146714,0.941920299051418,0.211581179134075,4.45181515154777,8.51474502518623e-06,0.00104113850689699
"AGRN",7.14020526006483,1.04803315295026,0.179921583008012,5.82494404189179,5.71317393309019e-09,2.43762087811848e-05
"AGTR1",721.541204984841,-0.843437809995457,0.185707246898886,-4.54176034635144,5.57864375042682e-06,0.000843374832951124
"AGXT2",20.0035942173706,0.790653030236666,0.194229066419771,4.07072455637455,4.6867138806241e-05,0.00271745274804466
"ALAS2",49.9673206670713,0.868574887946719,0.215983000419448,4.02149653565285,5.78295586993908e-05,0.00307144544129544
"ALPK2",3.5121096082275,1.21518281533013,0.336065181915558,3.61591405692087,0.000299289667362927,0.00869933742768877
"ANKRD1",3.41864886928132,2.11905081140019,0.436055789628808,4.85958646072336,1.17631202497624e-06,0.000350157998132461
"ANKRD27",24.8808135677576,0.393652552748896,0.101823700489481,3.86602088567348,0.000110625468525174,0.00475169797692022
"ANKRD29",57.6844056729052,-1.31122121870167,0.349989171806715,-3.74646224605431,0.000179345980789064,0.00626656545013203
"APBB1",14.2125252713076,0.748369883393635,0.17605396918858,4.25079813220239,2.13010090403542e-05,0.00172000053668743
"ARAF",36.5374251525962,0.336804414593599,0.0942336109071854,3.57414314649718,0.000351376669795941,0.00969590697772644
"ARAP2",138.030314784072,0.941250940910184,0.234479915987309,4.01420708868357,5.96459623721883e-05,0.00314184493153914
"ARCN1",448.762780720239,-0.312366898246116,0.0623547009882507,-5.00951641649239,5.45669722850303e-07,0.000205428601543644
"ARF5",30.231680942824,0.369419213888266,0.0991471591578002,3.7259687219107,0.000194566531878845,0.00646870547545249
"ARHGDIA",37.5830594981807,0.427259377908889,0.113667650111487,3.75884763597932,0.00017069774336212,0.00610315953920428
"ARL1",186.375776560421,-0.429574819097654,0.118653077985828,-3.62042710050018,0.000294117112194398,0.00863463081671628
"ARL2",10.2885577657319,0.671070742900055,0.159964029474436,4.1951352757546,2.72708780447797e-05,0.00193419364351374
"ARNTL2",4.31821525401818,0.729263283500742,0.202600139394005,3.59952014683717,0.000318804933963175,0.00904812229429854
"ATP2B2",16.0048281693306,1.0170945853028,0.19112773239865,5.32154372648214,1.02890372282442e-07,8.7799784347684e-05
"ATP6V0D1",83.9393020569568,0.283079752202429,0.0757583599088507,3.73661405213918,0.000186514869674409,0.00634728817895551
"BACH1",57.1585980981673,0.30511489918801,0.0808758371368165,3.77263358241165,0.000161533431173992,0.0059080000695084
"BAZ2A",203.599403701436,0.277418934700606,0.0708171454248432,3.91739787076034,8.95099476954898e-05,0.00397821989757732
"BBC3",4.40258810970061,1.04512467665625,0.260485116365288,4.01222415790785,6.01493436047812e-05,0.00315537540221803
"BCAP31",155.74960073411,0.259178570623914,0.0594018962751202,4.36313631173534,1.28211000677416e-05,0.00131288064693674
"BCAS2",80.3172852565326,-0.284905357992424,0.0789300554960433,-3.60959277428489,0.000306678077002413,0.00882130199018177
"BGN",146.576939905952,0.575372299869004,0.129146769186581,4.45518152326173,8.38222418741331e-06,0.00104113850689699
"BLOC1S1",98.874887894209,0.377156957250008,0.0729203590716536,5.17217635858598,2.31383039903315e-07,0.000146723928472601
"BMP1",13.6932503125475,0.749889636250924,0.192783236854707,3.88980726999664,0.000100323866976991,0.00436784182756967
"BNC2",3.09324298825072,0.923388547524466,0.251200653680277,3.67590025740831,0.000237012118147638,0.00741749416207768
"BSG",115.458808739922,0.624558189692407,0.125407367123421,4.98023524469452,6.35070288211877e-07,0.000232254276831772
"CACNB1",54.7138510824735,1.16771701740211,0.241769460760043,4.82987807364587,1.36616679966802e-06,0.000381140205300796
"CALR3",7.13548656499879,0.870269069147279,0.214013221666718,4.0664266551837,4.77395006135841e-05,0.00274386793325241
"CAMLG",55.3696615559101,-0.33836001731469,0.0949198048395313,-3.56469356302103,0.000364281537437889,0.00987882135424785
"CAPG",10.719637618831,1.06622551304975,0.244807326642144,4.35536602467924,1.32844748676283e-05,0.00134953395480668
"CAPN1",48.4762949276501,0.594587930816056,0.139463540410612,4.26339335044454,2.0134562168434e-05,0.00166658776154716
"CARNS1",12.9583534578811,0.79042363173902,0.209510495359577,3.77271616098486,0.000161479958202048,0.0059080000695084
"CCDC80",53.4460452872561,0.670653046014241,0.174914933254856,3.83416689206908,0.00012599058127835,0.00508731684657062
"CCDC88A",51.0672503364602,0.459083260664432,0.116555297842081,3.93875927704664,8.19040537555662e-05,0.0037786795883836
"CCM2",18.0249461683973,0.500621413984305,0.12457381037397,4.01867304597527,5.85268177263504e-05,0.0030956333342863
"CCND1",4.74227971255333,1.06040010377097,0.215305609079885,4.92509279392498,8.43203304384004e-07,0.000284026376213559
"CCNT2",122.87297006209,0.308648414620504,0.0825728616495464,3.73789170503091,0.000185569841005606,0.00634728817895551
"CCT2",240.041884329633,-0.261027734298018,0.0577169602716522,-4.52254819154469,6.1099569544328e-06,0.000855023726386162
"CCT6A",279.572545936493,-0.300309503706275,0.078826739531338,-3.80974153557226,0.00013911214463442,0.00539586500400173
"CD151",130.925989785285,0.395993415727477,0.0759415071307639,5.21445294791971,1.84360489426398e-07,0.000124200750771468
"CD300LG",1485.9884556587,-0.50355948233589,0.110441302940403,-4.55952138311539,5.12703364676584e-06,0.000820325383482534
"CDC42BPB",97.5053075989413,0.69893043168131,0.160665029783815,4.35023372927989,1.3599250001475e-05,0.0013706330710148
"CDH15",7.19960847170889,1.13706001927962,0.276704420392821,4.10929474008909,3.96869286001597e-05,0.00242861720573207
"CDK12",141.91763760374,0.270560971214358,0.0703783920627112,3.84437557159977,0.000120859789004185,0.0049903396750115
"CDRT1",11.7381926268451,-1.15908355921475,0.284012379430101,-4.0811022446999,4.48226309361828e-05,0.00265615590732935
"CEP41",18.0931656103474,0.724338217042616,0.177682628395886,4.0765843210556,4.57020871333577e-05,0.00268409277079006
"CH25H",10.7815626029086,1.73089224763304,0.381855782907482,4.5328428299655,5.81951166943255e-06,0.000855023726386162
"CHCHD2",870.268929916125,-0.229986891359269,0.0578682114175,-3.9743217515397,7.05800970922699e-05,0.00347471247223483
"CHD2",192.521990814852,0.322116891694175,0.0783180799336962,4.11293141975491,3.90666469337568e-05,0.00242518317486755
"CHD6",40.4381686981866,0.49130836978357,0.110146533020973,4.46049781421646,8.17694928979667e-06,0.0010362866426673
"CHMP1A",60.2010496257176,0.314121819158349,0.0818163460015255,3.83935282507596,0.000123359049862255,0.005060615663344
"CHMP7",23.5127299010301,0.404844639938642,0.100351376524408,4.03427091844798,5.4772095360401e-05,0.00297068991785226
"CIAO1",54.5410470408388,-0.42479239013612,0.0897208853595377,-4.73459873287978,2.19488905754286e-06,0.000476179320958451
"CIART",9.69968668868207,1.14565173337814,0.227345309070376,5.03925828979168,4.67339431889603e-07,0.000192965958973772
"CIT",5.2994902170939,0.976996990262397,0.204412749319026,4.77953059932481,1.75704930514104e-06,0.000432504444342409
"CITED4",6.92147740555562,0.94456925315614,0.205449570260097,4.59757229942279,4.27442321758986e-06,0.000759897460904863
"CKB",5.31444376974379,1.29829432805537,0.292291627788418,4.44177733682871,8.92188581063855e-06,0.00104770769152453
"CLN6",13.5229156815621,0.701916043587513,0.166141645994175,4.22480492104984,2.391478472129e-05,0.00176078431715264
"COL14A1",328.102983924173,1.28043670777027,0.287663310072962,4.45116447921532,8.54058931438938e-06,0.00104113850689699
"COL1A1",42.9810416273971,0.823848093136358,0.187668207602012,4.38991826939326,1.13393271603946e-05,0.00121628152338922
"COL1A2",30.5416357429498,0.869700345752664,0.215538514646714,4.03501131655369,5.45996659695942e-05,0.00297068991785226
"COL21A1",5.83617483002393,0.743818969970708,0.205909076453577,3.6123661121777,0.000303415774859125,0.00876686663249843
"COL5A1",6.56051287659231,0.865003257718332,0.214708053539302,4.02874155607765,5.60762233260351e-05,0.00300324543336088
"COL9A2",7.76002722212146,0.82844094425534,0.195257910807786,4.24280348400771,2.20744724483182e-05,0.00172000053668743
"COMMD1",20.4625608124125,0.592320416874466,0.132168849845724,4.48154324990996,7.4105210816901e-06,0.000998470208901403
"COPB1",210.488565673803,-0.42761957078226,0.103650406349513,-4.12559473563772,3.69777925649371e-05,0.00236527252778706
"CPLANE1",42.4016758093139,0.620272906961754,0.136670090602292,4.53846854295824,5.66642465889036e-06,0.000843374832951124
"CREB5",3.0210572880046,1.26650177782315,0.328717226229376,3.85286099043498,0.000116745675890847,0.00491560740593038
"CSF1R",74.6590475815334,0.56983065959056,0.149189516528651,3.81950872185532,0.000133717731659614,0.00526642143151709
"CSRNP1",70.7322700581041,-0.539548522084872,0.127002769275847,-4.24832092371927,2.15378710635005e-05,0.00172000053668743
"CSTB",11.4701636379837,0.957813526892078,0.169971523833048,5.63514114183547,1.74915020094677e-08,2.9367558526509e-05
"CTSK",31.906022457401,0.492791929599266,0.124606450571529,3.95478666906079,7.66029728228517e-05,0.00363154834123149
"CUNH17orf49",52.6636577616303,0.419073773655362,0.0819610320159132,5.11308561334363,3.16938565374128e-07,0.000162272545471554
"CUNH1orf54",10.8051625212961,0.76716627654899,0.188339498026804,4.07331592462781,4.63484857550671e-05,0.00270895259207698
"CXCL10",30.5721366406013,1.63402816794847,0.356506505126484,4.58344558781259,4.57375942206959e-06,0.0007635069886399
"DAAM1",125.558706895365,0.546144960789909,0.127963507024434,4.26797431150136,1.97256036282571e-05,0.00166658776154716
"DAD1",176.841502188912,-0.337700965009519,0.0878411279936125,-3.84445159941565,0.00012082232782057,0.0049903396750115
"DARS1",133.727032253641,-0.318780924653177,0.0822865290151728,-3.87403537940454,0.000107047861747598,0.00461351053996383
"DBNL",32.7702533788735,0.463643635412213,0.106803307207855,4.3410981132812,1.41772395977585e-05,0.00140184739700266
"DCUN1D2",33.7656508037724,-0.447980637223459,0.120920503163,-3.70475333384598,0.000211596540802238,0.00683948414714305
"DDX1",331.026861216026,-0.26410083568545,0.0739740759153685,-3.57018093727321,0.000356734732890966,0.00981979479785886
"DDX50",131.300167792982,-0.482540494040324,0.122897993004797,-3.9263496680657,8.62447531695177e-05,0.00390082275819727
"DHRS3",111.097162148011,0.467584212700707,0.105406792835698,4.43599696112136,9.16471405147534e-06,0.00106643945326258
"DLGAP4",18.276821987656,0.442959235084259,0.12343310146485,3.58865838926035,0.000332384033556692,0.00926909723208203
"DOC2B",138.433259937653,1.02057298644274,0.235947194239067,4.32542963578822,1.52234858407107e-05,0.00146511743429397
"DOCK6",30.3453356060775,0.390274289430955,0.0905352846156797,4.31074239273297,1.62707366014375e-05,0.00154270687776593
"DPM3",78.0218821311642,0.31339330002587,0.0782386409753056,4.00560766546016,6.18582496256845e-05,0.00321564942007544
"DRG1",96.3322555066204,-0.336200213725071,0.0815050845368948,-4.1248986567566,3.70898035655599e-05,0.00236527252778706
"DSC1",44.7847654297384,0.902254282778682,0.24109005112256,3.74239533559191,0.000182274459350686,0.00628565020921994
"DUSP5",89.8002261799701,0.712738755898923,0.192203063537278,3.70825908173251,0.000208689079807117,0.00677974675515508
"DYNLL1",294.707488946381,-0.43358472358905,0.119115861478142,-3.64002508321374,0.00027261148326071,0.00815286678910536
"DYNLL2",82.7732735580568,0.31558623017601,0.0844972094071622,3.73487162937312,0.000187810963275214,0.00635973632254694
"E2F3",7.56561489669682,0.750231253238743,0.199018626448902,3.76965345719219,0.000163474371219089,0.00596014487889335
"ECE1",101.160327018309,0.427401648170871,0.120049168578096,3.56022164279157,0.000370541908632514,0.00996415216490795
"ECHS1",281.170273664395,0.33508571481671,0.0842089704055909,3.97921638517578,6.91427889308845e-05,0.00344368754208296
"EEF1A1",5439.09636953835,-0.252091633586828,0.0569595664497988,-4.42579972600403,9.60856397018819e-06,0.00109812159659294
"EIF1AX",236.672366450232,-0.161026319921571,0.0444703276446334,-3.6209834388527,0.000293485303016763,0.00863463081671628
"EIF3M",250.052564231262,-0.270861330227417,0.061816252008439,-4.38171712821476,1.17747620062724e-05,0.00124559465851476
"ELOB",393.244900687301,0.20697367041503,0.0487572121914615,4.2449857387719,2.18607324143173e-05,0.00172000053668743
"EMILIN1",34.7086184357564,0.714213649729166,0.162728428571074,4.38899125371461,1.13877648638419e-05,0.00121628152338922
"ENO1",99.6405362532575,0.451507986716864,0.104537437654909,4.31910324995097,1.56664479374003e-05,0.00149649651939346
"ENPP5",23.9665537645377,0.849766392717167,0.201166973342404,4.22418441058309,2.39807632310035e-05,0.00176078431715264
"EPHA6",7.97243788071472,0.804836965997045,0.210578778780241,3.82202314335276,0.000132361263868341,0.00525421652474629
"ERCC6L2",107.267444908979,-0.461978393100801,0.119974294329872,-3.85064480421597,0.000117807251646242,0.00493066944223521
"EVA1B",6.46091104121412,0.686778954514681,0.177819380666855,3.86222779507575,0.000112357725151777,0.00480037693090832
"EXT2",35.4492629490797,0.50664832528487,0.105118716219907,4.81977276268261,1.43721829944887e-06,0.000383258213186366
"F11R",15.6115687475246,0.518428051602055,0.145428148265715,3.56483980429168,0.000364078489727335,0.00987882135424785
"FAM214B",65.9321526173845,0.472154902574187,0.098446155380901,4.7960725408459,1.61806704868513e-06,0.000406103102415092
"FAM234A",64.2691252100097,0.342161619075454,0.0769673304080934,4.44554354764881,8.76699186979843e-06,0.00104770769152453
"FAM53A",3.08379917886206,0.892257428540848,0.218378680664186,4.08582662843782,4.39201658472604e-05,0.00262700057404175
"FAM83H",9.65989160802576,0.594567879409195,0.146649051394569,4.05435885029675,5.02719941319549e-05,0.00280996299078176
"FASN",46.8671675815966,0.74867006584237,0.174588575145405,4.28819620767764,1.80129946155263e-05,0.00162766843004481
"FBN1",10.1057898576495,0.840830353686737,0.213134772040896,3.94506417528812,7.97786095713521e-05,0.00372688395077849
"FBXO30",38.4983674184766,0.632726696854841,0.169057808034713,3.74266473823511,0.000182079087337226,0.00628565020921994
"FBXW11",95.5897838837703,0.241203888545208,0.0628470402674194,3.8379514376312,0.000124065009463859,0.005060615663344
"FCER1G",8.14484115204835,1.07495192603255,0.202767396986585,5.30140418039528,1.14915357705982e-07,8.86494704166787e-05
"FGA",19326.5711394373,-0.355161450066032,0.0976714425693384,-3.63628754447747,0.000276595568238597,0.00825273490315628
"FICD",59.5109058411408,-0.502815788768278,0.137739579908122,-3.65048150360032,0.000261749159135298,0.00793931098799007
"FLNA",6.89854102793875,1.14271465750801,0.221251273548279,5.16478228207199,2.4071894515036e-07,0.000146723928472601
"FNIP1",56.5275427204193,0.367517445820671,0.0961683931958054,3.82160326909467,0.000132586870116645,0.00525421652474629
"FTL",3853.70680530732,0.344082178216734,0.0681462676569558,5.04917129062479,4.43730739283385e-07,0.000190050550076792
"FXYD5",25.7942859640489,0.612352078977518,0.16524066270984,3.70581955394841,0.00021070827966599,0.00682801513854347
"GAB3",1.30478622403438,1.17378778708009,0.328417800912937,3.57406871313673,0.000351476627942583,0.00969590697772644
"GADD45GIP1",72.8794852969469,0.44714621606531,0.10465070674465,4.27274912874077,1.9307764429299e-05,0.00165865358855723
"GALK1",15.3278649897046,0.975886966562365,0.221473142010034,4.406344524241,1.05129704846857e-05,0.00117013932351284
"GAPDH",1103.51336404175,0.339156376820735,0.0560246121445836,6.05370325358913,1.41553267202861e-09,9.05940910098313e-06
"GAS6",2.89735059899145,1.09828282430451,0.257636984724241,4.26290823687465,2.01783396593059e-05,0.00166658776154716
"GATA3",5.13632234709343,0.971442799528928,0.240519157767861,4.03894146538848,5.36929609630755e-05,0.00294965622458097
"GATAD2A",47.5223085383221,0.287839352042171,0.0789341139696588,3.64657734870898,0.000265756506837463,0.00800396067651654
"GCGR",25.5393918957177,0.738529007804118,0.207103151903718,3.56599598323572,0.000362476922360128,0.00987882135424785
"GGPS1",31.1793673452579,-0.390995568956115,0.107150017239703,-3.64904811990304,0.000263213801746923,0.00794607703386936
"GGT1",5.16996441217502,0.975876146559201,0.245360645179795,3.97731325593842,6.96983205069343e-05,0.00345790117243705
"GINM1",241.401721459821,-0.333284611349919,0.0850033444786744,-3.92084115506224,8.824041624391e-05,0.00394922142630087
"GIPC1",34.2831870610543,0.500747866841746,0.0916384228620701,5.4643876575162,4.645074410935e-08,5.9456952459968e-05
"GNAI2",75.8555510713007,0.443855172778606,0.117421407070757,3.78001919625391,0.000156816267991786,0.00581811081244889
"GNB1",106.362856666962,0.223011950501193,0.0592201335442564,3.7658130293565,0.000166007990725582,0.00600254881719619
"GNPTAB",58.4768888446079,0.585613326920805,0.109525953621218,5.34679961743201,8.95230320193003e-08,8.18496292747889e-05
"GOLIM4",143.122524133729,0.25526105736146,0.0666256042835741,3.83127568006752,0.000127480569564065,0.00510524278822878
"GPAA1",55.6309860397103,0.439508843255794,0.103963101231514,4.22754648571958,2.36253375631244e-05,0.00176078431715264
"GPATCH3",15.232924946406,0.620639165565761,0.1318208696629,4.70820111529303,2.49912467097944e-06,0.000533146596475615
"GPD1",42.4953352635588,0.613105762056426,0.163782883947298,3.74340558231782,0.000181542838497369,0.00628565020921994
"GPNMB",16.7744390846208,1.29960923581126,0.310114149094435,4.19074472933998,2.780403362551e-05,0.00193419364351374
"GRK2",17.1399981346968,0.452785228802797,0.123812954615801,3.65701012634595,0.000255174303455641,0.007813949962278
"GSTP1",49.3226020294922,0.469326953627867,0.105158701605472,4.46303488406181,8.0806891217169e-06,0.0010362866426673
"GTF3C1",25.7922822056685,0.496997984919426,0.115816965523978,4.29123645806908,1.77680988491682e-05,0.0016245118947811
"GUK1",98.0515761049171,0.299089896778959,0.0702509694306543,4.2574486758392,2.06773109965121e-05,0.00169659987663689
"HERC1",164.254550327074,0.226496559141737,0.0621387919652735,3.64501066046337,0.000267380717928159,0.00803397462319352
"HGFAC",86.531877262632,0.538422645690901,0.130888446967768,4.11359946705986,3.89537080404537e-05,0.00242518317486755
"HMGB3",28.190643477879,0.905503567147514,0.240756453401094,3.7610770318126,0.000169183313722176,0.00606595634634132
"HMGN1",169.468340519999,0.230009087783329,0.0578599581051099,3.97527228356247,7.02987805079057e-05,0.00347422544595055
"HMGN3",12.0435056118279,0.712642858155474,0.193390956019122,3.68498544515707,0.000228715710153174,0.0072824902735339
"HNRNPL",180.500281437672,0.41037795151267,0.110034356154271,3.729543806639,0.000191826755544238,0.00642770280357656
"HSD11B1",1537.60254268802,-0.558804383651244,0.135400162587015,-4.12705843903346,3.67433044556879e-05,0.00236527252778706
"HSPA13",377.707611510319,-0.269848180330014,0.0676299892147451,-3.99006688398495,6.60546658761744e-05,0.00334335790794433
"HSPG2",11.6870171103984,0.708838512091886,0.174345698807769,4.06570690839605,4.78870870761543e-05,0.00274386793325241
"IDH3G",136.298135124229,0.314734170617581,0.0747303011310947,4.21160045997222,2.53567741204772e-05,0.0018250892712468
"IFT20",102.418619643548,-0.428452418006932,0.116665572707992,-3.67248373330602,0.000240204445684706,0.00746266239020446
"IGFBP4",1215.03900165569,0.482473890871373,0.112802361648507,4.2771612563819,1.89291685707835e-05,0.00165865358855723
"IL17RC",12.2253831211188,0.514854863510636,0.134213908374072,3.83607682503117,0.000125015315919428,0.0050799874405355
"IP6K1",37.8102211128511,0.296165245307052,0.0822979440075052,3.59869555526251,0.000319817318551847,0.00905677362270716
"IPO7",255.353790645605,-0.252643382731048,0.0677733528190454,-3.72776869111972,0.000193182556527631,0.00645623165418714
"ITGA5",34.1179843109878,0.861467322422104,0.121077169585178,7.11502693177891,1.1189098517211e-12,1.43220461020301e-08
"ITGA9",66.1405384464964,0.427009782006794,0.100782084570183,4.23696120027595,2.26565268876179e-05,0.00173388061443373
"ITIH3",1438.18753780286,0.311502898850676,0.0706850317364243,4.40691460693166,1.04853501149825e-05,0.00117013932351284
"JADE2",16.0776993072017,0.600339512816081,0.166518069949664,3.6052514480714,0.000311850835459536,0.00893161985579909
"JAML",16.631775299432,0.522909782192636,0.13974664068718,3.74184151848888,0.000182676709205454,0.00628565020921994
"JUND",351.719935911429,0.568710648567261,0.108074021763652,5.26223267429597,1.42316502378238e-07,0.000101202846135636
"KALRN",43.435563109485,0.575569988592207,0.151855941362646,3.79023687468174,0.000150503689833727,0.005683376325396
"KIF21A",266.045916631814,0.465913583074598,0.127166480762919,3.66380810634538,0.000248492981539783,0.00764593789353177
"KLHL14",17.1648045856434,0.970064130698156,0.268303897840406,3.61554244461694,0.00029971935981334,0.00869933742768877
"KLHL3",577.511005686202,0.45964464556608,0.121059993964157,3.79683354108022,0.000146556128715897,0.00558309061774846
"KLHL32",8.23634912893466,0.719424493206547,0.165824017536063,4.33848186707988,1.43470319536991e-05,0.00140184739700266
"LAPTM5",56.4235691815873,0.565228135429834,0.156781219064021,3.60520309003991,0.000311908912151734,0.00893161985579909
"LARP1",68.7276059637057,0.367143277513771,0.0731131281930089,5.02157802008638,5.1248678488438e-07,0.000204994713953752
"LARP4B",121.114128472684,0.43184728193454,0.112366752667342,3.84319446529712,0.000121443163835914,0.00499830384919519
"LDLRAD3",2.13335091136651,0.868233170434591,0.231160334364546,3.75597817342385,0.000172665742396515,0.00610649458004657
"LDLRAP1",63.7675056410164,0.993134433592227,0.239963107081275,4.13869634241673,3.49284882215428e-05,0.00229274179095256
"LENG8",52.939607858188,0.438181641983258,0.117375873151905,3.73314915763117,0.000189100533540865,0.00636970218242912
"LGALS1",49.2371239525715,0.648744517776675,0.174387460356044,3.72013283783218,0.000199118020684681,0.00655195543641109
"LGALS3",53.3085735734916,1.131327088526,0.247089824634038,4.57860654602673,4.68083720515311e-06,0.0007635069886399
"LIMCH1",42.9265363492751,0.468628962923714,0.122915606871468,3.81260748615719,0.000137508397153192,0.00538259169284666
"LIMS2",70.1120557899979,0.915499578128942,0.162242554929726,5.64278329150748,1.67322901095905e-08,2.9367558526509e-05
"LOC107497568",47.659256671394,0.47938773471114,0.114523482273232,4.18593396913489,2.83995905785612e-05,0.00196494464543558
"LOC107498323",71.252945178016,0.335248723208181,0.088979371919267,3.7677128527313,0.000164750050924887,0.00597393952362195
"LOC107498847",5.27285154512072,0.868208957523157,0.24044970416897,3.610771577049,0.00030528744785464,0.00880107957779144
"LOC107500189",861.638406008985,-0.324762883319494,0.0779419605562348,-4.16672715186808,3.09003974788586e-05,0.00211510742101278
"LOC107500752",6892.2124592832,0.2712939219993,0.0753371227492917,3.60106561146643,0.000316915579333432,0.00901448758992874
"LOC107501606",230.947043874927,0.546116569759622,0.12400421899495,4.40401604224338,1.06265079929342e-05,0.00117151075283429
"LOC107502087",2.4515417377616,1.08362113430709,0.299608245962173,3.61679342578542,0.000298275156796131,0.00869933742768877
"LOC107502447",5.03082829560179,0.915281415965266,0.205545773757302,4.45293230424666,8.47054667364493e-06,0.00104113850689699
"LOC107503138",879.723993971635,-0.277786895965126,0.0693343295662749,-4.00648420058056,6.16292456941189e-05,0.00321564942007544
"LOC107503471",197.675092470645,0.334492927939637,0.0922984769640523,3.62403518391655,0.000290042123391929,0.00857399348595079
"LOC107503958",78.2717486732832,0.485682930302993,0.109580729176079,4.43219290430689,9.3279504749951e-06,0.00107565555026971
"LOC107506117",61.4336082457347,0.376418308397796,0.0943038315150118,3.99154840636433,6.56432856407468e-05,0.00334335790794433
"LOC107507250",188.351589165423,-0.306455910974629,0.0605910666404147,-5.05777382651687,4.24179093894618e-07,0.000190050550076792
"LOC107508612",27.0244577456809,0.441487897201351,0.114546910624762,3.8542104260463,0.000116103708205445,0.00490471110570855
"LOC107510253",33.1457736815913,1.2324081802577,0.263792137508039,4.67189125460625,2.98438961423252e-06,0.000594313833644913
"LOC107511737",3.98179460817132,0.915465054459795,0.225309162141597,4.06315058721166,4.84147734380517e-05,0.00275426266669805
"LOC107512572",74.1264727260031,-0.482658652862994,0.118575676394004,-4.07046932002492,4.69185201029586e-05,0.00271745274804466
"LOC107512713",191.799950819049,0.426262543728137,0.075736555135727,5.62822725385692,1.82071113101925e-08,2.9367558526509e-05
"LOC107513800",31.2831106918167,0.49924695312237,0.126758669647132,3.93856258125905,8.19712150631742e-05,0.0037786795883836
"LOC107514149",20.1657721840286,0.774937210731554,0.20530653235779,3.77453752606888,0.000160304777123096,0.0059080000695084
"LOC107517263",16.8728231671474,0.964808232122301,0.258988359348138,3.72529574128613,0.000195086367654903,0.00646888741209641
"LOC107519258",46.8088603380608,0.607651130224539,0.130679568932337,4.64993215993213,3.32044230378261e-06,0.000634353156543544
"LOC107519509",416.2303112257,0.375805270336435,0.0667880503605591,5.62683396666961,1.83547240790681e-08,2.9367558526509e-05
"LOC107519923",75.9693572724785,0.387774783843234,0.108832084757988,3.56305573586626,0.000366562812292479,0.00991460722308773
"LOC107520639",147.300865134739,-0.390155765776466,0.0892583523287002,-4.37108411255105,1.23631151605266e-05,0.00127865139055071
"LOC107520685",41.1958196693037,0.753854982459927,0.191854366170263,3.92930845155178,8.51905061073205e-05,0.00387368824975203
"LOC107521158",60.947291572534,-0.470009751420302,0.110256515593742,-4.26287506810146,2.01813361749852e-05,0.00166658776154716
"LOC107521259",829.791271883119,-0.203415006971393,0.0457840104563087,-4.44292679789401,8.87433649078076e-06,0.00104770769152453
"LOC107521320",63.8377198205824,0.590761002420794,0.135165050524946,4.37066386707534,1.238693534596e-05,0.00127865139055071
"LOC118600331",12.7540148253379,0.853172685975676,0.205318296661977,4.15536608206081,3.24767123638864e-05,0.00219948104898278
"LOC118600345",110.150277308821,-0.357115480710604,0.0800413485650276,-4.46163748003914,8.13357386492526e-06,0.0010362866426673
"LOC118603292",8.35188286988346,1.32578296198862,0.27599711835672,4.80361160972366,1.55828962218579e-06,0.000398922143279562
"LOC118604370",4.40542432227001,0.948500346159416,0.24890448361757,3.81070012228763,0.000138573781615189,0.00539132037894959
"LOC118605192",492.864104493282,1.20870253253372,0.274107029605437,4.40960063765452,1.03561423551202e-05,0.00117013932351284
"LOC118605484",2.0807875229898,1.16097297641554,0.313718272718945,3.70068649923886,0.000215016984415466,0.00691511909677881
"LOC118606595",341.27486538729,0.982157124097112,0.219730149642396,4.46983322814617,7.82806109103425e-06,0.00102244063229835
"LOC118607152",7.02325184806902,1.26790660607149,0.298850674230639,4.24260915367044,2.20936022033815e-05,0.00172000053668743
"LOC118607780",32.8303720445636,1.07791392026014,0.252203002872804,4.27399320381517,1.9200289017086e-05,0.00165865358855723
"LOC118610178",1.4064262409314,1.26465340837508,0.309607641950572,4.08469700685546,4.41343680997764e-05,0.00262753447291692
"LOC118610183",10.7918424853111,0.716035412724727,0.200984752258286,3.56263549686869,0.000367150298729967,0.00991460722308773
"LOC118610195",182687.953915037,0.87241110490831,0.21216609962696,4.11192507399732,3.92373648432001e-05,0.00242518317486755
"LOC118610196",182700.257132838,0.872402390634901,0.212166541486774,4.11187543767021,3.92458035159424e-05,0.00242518317486755
"LOC118614528",3.38699927071344,1.23021376643671,0.258456319474534,4.75985175730219,1.93735202329603e-06,0.0004592241832998
"LOC118615035",10.1951597686198,0.8334060669113,0.197893236866161,4.21139236544476,2.53801476782758e-05,0.0018250892712468
"LONRF2",22.2375456903041,1.13501211054098,0.307229872658999,3.69434163650082,0.00022045723709476,0.0070723123679522
"LRP3",9.2390540620864,0.605920498078148,0.165650568481925,3.65782323375643,0.000254366370484508,0.00780788859041176
"LRRC19",63.0815230132797,0.512565547649578,0.111427972844887,4.59997193310781,4.22547868615746e-06,0.000759897460904863
"LRRC8D",198.700560911726,0.643008707669898,0.141585075574466,4.54150061410754,5.5855223256527e-06,0.000843374832951124
"LTA4H",79.1953704721936,-0.298922865938707,0.0817806700709263,-3.65517750929967,0.000257004090662658,0.00785119895103109
"LUZP1",43.5136645904991,0.415813879074403,0.0967328460362049,4.29858001819541,1.71895842541479e-05,0.0016178432239198
"MAN2B1",191.630037142536,0.312578791952749,0.0770501889058658,4.05682057878708,4.97452668720629e-05,0.00279349610476224
"MAP1LC3B",965.372219623992,-0.400621740479448,0.0708506938448511,-5.65445048931673,1.56345656029324e-08,2.9367558526509e-05
"MAP3K3",72.2765238887973,0.391069293082208,0.104089183738867,3.7570598503616,0.000171921389788388,0.00610649458004657
"MFGE8",29.263764411088,0.630410977022526,0.152273623630225,4.13998801626596,3.47323965184173e-05,0.00229162203832857
"MFSD3",14.2771703164161,0.546180700916038,0.150417524724559,3.63109751949576,0.000282218512548044,0.00838143146314377
"MGST2",83.1421481027383,0.807722848787064,0.14895133047033,5.422730003395,5.86956160071731e-08,6.83003531719832e-05
"MIDN",74.6314659997166,0.542651170286358,0.1439775565736,3.76899833002069,0.000163903984169567,0.00596014487889335
"MIF",178.159385465755,0.277877883591738,0.0765930980673999,3.62797550436219,0.000285652355039515,0.00846377348265229
"MKLN1",320.955227764439,-0.323791590932158,0.0882292036774042,-3.66989134477571,0.000242653588544311,0.0075023331723845
"MKNK2",25.8645322158156,0.57683663060866,0.142880623173659,4.03719285229857,5.40945988562104e-05,0.00295902079213459
"MOV10",19.5942294801633,0.647468732826646,0.147978131364554,4.3754352542239,1.21190411164631e-05,0.00127150595320268
"MPZ",26.131320293121,0.534074307411478,0.127401352921558,4.19206150613102,2.76431023714932e-05,0.00193419364351374
"MRPL33",54.6430654886571,-0.481053244281029,0.116545623990546,-4.12759593890931,3.66575508798443e-05,0.00236527252778706
"MRPL57",75.8899247242309,0.578786306984759,0.129476205202525,4.4702137051316,7.81414793548288e-06,0.00102244063229835
"MRPS15",71.2105936650559,0.325181520072538,0.0660966383869276,4.91978908471768,8.66375207175381e-07,0.00028434878594474
"MSH3",55.1335984741003,0.364003184971025,0.0954541172983571,3.81338380442276,0.000137076987140713,0.00538216391227339
"MSN",58.9676472406735,0.457785478843355,0.0952434144091097,4.8064790797711,1.53611548729333e-06,0.000398922143279562
"MTRF1L",22.1179564486756,-0.554860487131603,0.130109294227371,-4.26457226154776,2.00285518181066e-05,0.00166658776154716
"MUSTN1",10.2795447239746,0.865387886256378,0.230448171559458,3.75523867427649,0.000173176369731008,0.00610649458004657
"MX1",54.6102537204045,0.705079871956219,0.195763113409494,3.60169931748759,0.000316143898175565,0.00901256547137468
"MYL6",711.481725251567,0.22833141784956,0.0616626278032731,3.70291416347067,0.000213137011606825,0.00687192379991778
"MYO18A",17.3717221050531,0.540824504542244,0.135546240131241,3.98996315957268,6.60835586492121e-05,0.00334335790794433
"MYO1F",20.3989408123096,0.74738134995814,0.176965462868159,4.22331757759392,2.40732230860713e-05,0.00176078431715264
"MYO1H",3.77679726450368,0.799343068638991,0.213249182005025,3.74839922537267,0.000177966817348167,0.00624102811522341
"NAA10",85.8937562830446,0.311492268602263,0.0755210780571107,4.12457391520161,3.71421701629063e-05,0.00236527252778706
"NADK",169.049323490801,0.3934601634922,0.099310265384579,3.96192842671929,7.4346829687952e-05,0.00357759180453303
"NCOR2",52.7944820722979,0.569240360635668,0.124208098455333,4.58295689020933,4.58446581707213e-06,0.0007635069886399
"NEB",13.2470617061095,0.939832026754227,0.239540172605211,3.92348396735597,8.72775760751445e-05,0.00393363723155581
"NFIX",18.2178506222565,0.572708228334275,0.133892750603659,4.27736547163459,1.89118176146811e-05,0.00165865358855723
"NIBAN2",4.53453926350678,0.985562304604103,0.22688800922606,4.34382719459686,1.40021673322289e-05,0.00140021673322289
"NME7",87.1351955156621,0.412919061081477,0.10766653502779,3.83516624710639,0.000125479391577993,0.00508270953227312
"NOD1",10.1279137090618,0.760290609028497,0.190973282896663,3.98113598664947,6.85866946513818e-05,0.00344278310406936
"NPM1",396.426137336776,-0.247145567328967,0.0625710221532936,-3.94984065824403,7.82032366974182e-05,0.00369373221301459
"NPY",10.6737721256081,1.13459663624946,0.252941047523761,4.48561689514975,7.27032731478076e-06,0.000998470208901403
"NRP1",41.0154263908649,0.477274136258904,0.0962532677266035,4.95852398086418,7.10307719421583e-07,0.000245728075908007
"NT5DC2",17.9535719441563,0.64131256767154,0.163844673347998,3.91414963066529,9.07233661371016e-05,0.00401819753133184
"NUCKS1",455.860508985839,0.292768476833886,0.0715556046352844,4.09148211836254,4.28625001354277e-05,0.0025757746560257
"NUP210L",16.3349380762017,0.455839378929161,0.126871630680635,3.59291810536126,0.000326995381264233,0.00919899094545536
"OGDH",166.352534947838,0.275210812148481,0.0693943358480453,3.96589734284824,7.31203304715417e-05,0.00354522814407475
"OGFR",8.89658036439159,0.569894952211855,0.15343631930247,3.71421156869917,0.000203838209788512,0.00667296441251395
"OS9",593.666448949635,0.177548566903681,0.0494400379148825,3.59118994223576,0.000329171620835096,0.00921968653542501
"OSGIN1",99.0690761769764,0.712662051469183,0.175313523678685,4.06507174412484,4.80176888319172e-05,0.00274386793325241
"OXA1L",70.653578566421,-0.326613350279448,0.0808400960334685,-4.04023951362239,5.33966420163118e-05,0.00294602162848617
"PADI2",2.60593369017501,2.11976808706049,0.54964855068224,3.85658814969924,0.000114980646142632,0.0048885119287747
"PALMD",30.7943042726518,0.856406043085933,0.20819462953952,4.11348767727637,3.89725854085457e-05,0.00242518317486755
"PARD3B",20.6878794422504,0.511808736684445,0.121481410061799,4.21306219959153,2.51931649745908e-05,0.0018250892712468
"PARP12",132.120985291798,0.630541664403489,0.163529488855177,3.85582850419048,0.000115338328319528,0.0048885119287747
"PBXIP1",17.0313584326291,0.538946251856163,0.143598999568217,3.75313375076918,0.000174637614146983,0.00614110291505876
"PCBP1",660.583271800033,-0.226946739671028,0.0581581077405693,-3.90223734037889,9.53076358929715e-05,0.00420668186010357
"PCBP4",6.83969354923417,0.767779567839426,0.182419487818468,4.20886812599468,2.56653118661543e-05,0.00183528487087584
"PCLO",3.69924644176261,1.19848427361918,0.283108361296396,4.23330582018538,2.3028101910448e-05,0.00173388061443373
"PCYT2",16.0468091392935,0.608193241688554,0.152832367779555,3.97947928521142,6.90663774284983e-05,0.00344368754208296
"PDCD10",87.7425869321774,-0.296867475994989,0.0779705881964813,-3.80742896599549,0.00014041905441804,0.00543010240649824
"PDLIM7",11.6613516673118,0.659378222999009,0.171492526276103,3.84493853648998,0.000120582658801665,0.0049903396750115
"PEA15",125.549321688032,0.348754322475416,0.0881536407297582,3.95621008489654,7.614820080317e-05,0.00362340881145196
"PEMT",109.636395879715,0.586023889642871,0.123499574093342,4.7451490739551,2.0835283399397e-06,0.00046788004826716
"PER3",9.03164081117831,0.831700034874291,0.22274142105022,3.73392623138008,0.000188517731454304,0.00636682575887887
"PEX2",37.0148079824033,-0.394955096698383,0.107505877392594,-3.67380004030916,0.000238969768856053,0.00746051961306704
"PEX5L",33.8235506732309,1.13730659327442,0.295397984850889,3.85008243657625,0.000118078075846576,0.00493066944223521
"PHLDB2",61.4553123384251,0.54831138766678,0.117060304810771,4.68400785862578,2.81319214773302e-06,0.000580788056306172
"PIM1",345.532265360343,0.608772981144479,0.16546246014983,3.67922113930386,0.000233947344502227,0.00737485097257132
"PIM3",30.9421865939129,0.489547868882761,0.118042524324624,4.14721619758382,3.3654224131275e-05,0.00226592283672842
"PKLR",28.3660052199663,0.683334797595585,0.185205698758156,3.6895991979593,0.000224607635975424,0.00716952054983898
"PKN1",29.6908823944289,0.488489560110332,0.114057110075328,4.28285058062328,1.84514084774718e-05,0.00164012519799749
"PLA2G12A",87.4640139173728,-0.377282261997354,0.10425214715616,-3.61893996708021,0.000295812244826579,0.00866452341826135
"PLEKHA2",28.532305201102,0.553428993233922,0.138525691496568,3.99513611702588,6.4657094379829e-05,0.00332373818498719
"PLEKHM2",171.563266521803,0.468539023520591,0.0972086632050802,4.81993073531027,1.43608072276531e-06,0.000383258213186366
"PLEKHM3",24.351297670193,0.789371477662149,0.198992215335504,3.96684602124388,7.28300109333355e-05,0.00354457847888477
"PLXNA1",8.84970905533532,0.630108441765274,0.158662247817029,3.97138229436862,7.14568041054757e-05,0.00350439499061337
"PNPLA8",253.465330251171,-0.296618364265525,0.0715407415374521,-4.14614606853416,3.38118173293069e-05,0.00226592283672842
"POLA2",2.7989058343957,1.09063212688213,0.295449273163548,3.69143614808762,0.000222991380545519,0.0071357241774566
"POLE",2.98561042736325,0.914754552108229,0.246552941950446,3.71017496230925,0.00020711605913234,0.00676297335942336
"POLR1C",44.5782386964255,-0.527826178735488,0.107506110517986,-4.90973188586503,9.12009987687855e-07,0.000291843196060114
"POLRMT",19.1948062517723,0.442922748415384,0.123489210162952,3.58673237792128,0.000334847668501676,0.0093175003409162
"PPIL4",41.8452644540649,-0.489816198762671,0.129256933519475,-3.78947717097799,0.000150964683643331,0.005683376325396
"PPL",9.81590071162314,0.841486481986033,0.222041690810207,3.78976794364849,0.000150788083840656,0.005683376325396
"PPOX",59.7882618900837,0.407657411440021,0.106696895917977,3.82070544726442,0.000133070502804861,0.00525710628364884
"PPP4C",104.748024236669,0.25849692215058,0.0692901565829006,3.73064421988002,0.000190990775313045,0.00641648798951962
"PSMB7",222.29290548298,0.336948595074047,0.0813871371108837,4.14007184716401,3.47197061709236e-05,0.00229162203832857
"PSMD8",195.155781028093,0.21297327107737,0.0569069594420149,3.74248199456832,0.000182211592377694,0.00628565020921994
"PTBP3",181.964164522102,0.439677203032202,0.0980594102945755,4.48378387868527,7.33309347334707e-06,0.000998470208901403
"PYGB",37.4800499317159,0.394449496926469,0.0870946327546847,4.52897594777736,5.92702447625343e-06,0.000855023726386162
"R3HDM4",10.4046513909655,0.88217414907832,0.175942152002884,5.01400113068902,5.33096728812444e-07,0.000205428601543644
"RAB12",44.381172564908,0.321695169920664,0.0795797350019995,4.04242574962811,5.29010669267281e-05,0.00293131453100485
"RAB18",279.200393567978,-0.314271067045852,0.0861047381959169,-3.64986960799742,0.000262373461624336,0.00793943335411702
"RAB1A",305.350697318623,-0.232813326202427,0.0652849724486505,-3.56610897531656,0.000362320756831558,0.00987882135424785
"RAB3A",4.87586534741457,0.815248783437104,0.213020337650743,3.8270936588869,0.000129665187448079,0.00517044984216637
"RAB6B",6.58002427500957,0.789556010846772,0.201348287083021,3.9213445631212,8.80562423172101e-05,0.00394922142630087
"RCOR3",41.142671038,0.474158127254451,0.111036868728512,4.270276464782,1.95230809010643e-05,0.00166596957022415
"RDH5",48.9615524798566,0.498464100877694,0.138778041490109,3.59180815297225,0.000328391568660281,0.00921800894485
"RERE",92.9777753344173,0.381549677649692,0.0910016398928014,4.19277804333143,2.755590251696e-05,0.00193419364351374
"RETREG2",171.756145096701,0.335080029809882,0.0814151914621215,4.11569418178889,3.8601585144991e-05,0.00242518317486755
"RHBDF2",4.01298566800048,0.859209153509231,0.213228911211179,4.02951526896032,5.58919855330945e-05,0.00300324543336088
"RIN3",11.5895794921285,0.624884596409462,0.175100514519543,3.56871936169965,0.00035873042876861,0.00984002306394339
"RLBP1",480.265468616881,-0.369634943089225,0.102976143434828,-3.58952016224186,0.000331287208193379,0.00925868180103768
"RMDN3",40.9542132142488,0.450913130740578,0.122558345754928,3.67917115691364,0.000233993195296757,0.00737485097257132
"RNF122",23.8516656959209,0.954852083005805,0.230520816922299,4.14215121980787,3.44063357378673e-05,0.00229162203832857
"RNF20",67.3299192242597,0.347208055810702,0.080978548187511,4.28765473797727,1.80569466458097e-05,0.00162766843004481
"RNLS",4.31388083212387,0.827588049258233,0.195109471294864,4.24166004738705,2.21872585660227e-05,0.00172000053668743
"RPL26",704.899829963073,-0.191335446527923,0.0515866708186754,-3.70900939121382,0.000208071711339005,0.00677689034386581
"RPL28",571.120631191274,0.195156537892129,0.0530126478309697,3.68132032405519,0.000232029275492131,0.00736966433324883
"RPL29",218.964170537462,0.292561472312603,0.0775487668902429,3.77261282215711,0.00016154687690062,0.0059080000695084
"RPL32",1143.00101849343,-0.191468483134298,0.045117410934981,-4.24378259227296,2.19783292310955e-05,0.00172000053668743
"RPL37A",1969.56256825009,-0.171999950284506,0.0467817485026935,-3.67664646554633,0.000236320194323231,0.0074139668807288
"RPL5",1574.34894635477,-0.273463659166821,0.0585626576921426,-4.66959099780596,3.01799993647808e-06,0.000594313833644913
"RPL7L1",153.530306990732,-0.203449195045792,0.055837106737765,-3.64361993183631,0.000268830300638592,0.00805861322757372
"RPL8",782.677613780857,0.208694764723285,0.058593190124661,3.56175801794156,0.000368379837473163,0.00992686719927682
"RPN1",283.187314874621,-0.191167878918359,0.0536161686242554,-3.56548936307016,0.000363177892429106,0.00987882135424785
"RPS13",1272.82576620514,-0.244110065944744,0.0519611391323731,-4.69793522660971,2.62804742905775e-06,0.000551459132654742
"RPS16",729.900744537883,-0.18337157234901,0.0477804297653629,-3.83779663032542,0.000124143227991407,0.005060615663344
"RPS25",1288.8284181749,-0.182827269469697,0.0431149654006341,-4.24045961236023,2.23062569601651e-05,0.00172000053668743
"RPS27A",1668.75809624539,-0.158172556119569,0.0436886080236533,-3.62045309463587,0.000294087563438576,0.00863463081671628
"RPSA",727.198189770183,0.241808697916684,0.062812228182567,3.84970737248573,0.00011825902490361,0.00493066944223521
"RRAGA",163.642211907786,-0.283815495993292,0.0708676188902441,-4.00486852017491,6.20519849030182e-05,0.00321564942007544
"RRAS",11.7325091910014,0.559254221546743,0.152368645359052,3.67040226832023,0.000242169050848984,0.0075023331723845
"RSPRY1",92.097624230809,0.690986055551447,0.152176849756397,4.54067788009524,5.60736469562677e-06,0.000843374832951124
"RUFY3",168.90268496059,0.256015020071173,0.065774821462771,3.89229517279768,9.93003262917848e-05,0.00435055273254077
"RXRA",63.8703275011724,0.414004656593462,0.108908691497055,3.801392257152,0.000143885304369103,0.00551416735306744
"S100A1",55.5992386487132,0.53822671012907,0.143680252702437,3.74600336515098,0.000179674181265504,0.00626656545013203
"S100A11",29.3507807065944,0.719360057976967,0.182534713645515,3.94094933292511,8.11597693747171e-05,0.00377761835635047
"S100A4",8.76297232657216,1.36841025471303,0.361909634178132,3.78108269435982,0.00015614779186695,0.00581015039504932
"SCARB1",88.5772219129321,0.497745456458872,0.101627417423986,4.89774776409298,9.69413619148606e-07,0.000300378722818711
"SDC4",136.111668938649,0.702124732665373,0.180233455610067,3.89564040865095,9.7939604684171e-05,0.00430799635724189
"SDF4",74.4725384525682,0.457605154315627,0.115537912767681,3.96064930855868,7.47462388514746e-05,0.00358334028950889
"SDHC",109.737839962451,0.392344997953737,0.0915606508780904,4.2850831027417,1.8267089321232e-05,0.00163509610707532
"SEC63",504.97911305968,-0.316517934690625,0.0729931224606084,-4.33627065154581,1.44920486389668e-05,0.00140528956499072
"SELENOK",475.023935738412,-0.513162080849966,0.115492213666548,-4.44326127760942,8.86054574273641e-06,0.00104770769152453
"SELENOW",23.127238546788,0.576931933791776,0.154402142152626,3.73655394768733,0.000186559437751698,0.00634728817895551
"SENP5",47.4465096949173,-0.507731326513265,0.119885956464552,-4.23511928741539,2.28430411586676e-05,0.00173388061443373
"SESN2",30.4795233142594,0.796026810593482,0.204911339456289,3.88473772464548,0.000102440414939355,0.0044298557811613
"SEZ6L",9.51173788661983,1.16932896581383,0.297222375669171,3.93418888191438,8.34781198129585e-05,0.00382982055055867
"SGSH",7.76095936126566,0.678221634035142,0.182006408350291,3.72636128685002,0.000194263901205203,0.00646870547545249
"SGSM2",11.8915007297291,0.618327811802412,0.168030225129411,3.67986064010922,0.000233361449005249,0.00737485097257132
"SH3BGRL3",14.4362040155252,0.582874108503262,0.147269581215905,3.95787170501109,7.56205537140194e-05,0.00361172793858003
"SH3RF1",23.3496444520154,0.462795255969327,0.122165363782539,3.78826896298632,0.000151700572223792,0.00569433232980802
"SIGIRR",33.687062883948,0.766202959220369,0.142041685045539,5.39421198062191,6.88249276189213e-08,7.34132561268494e-05
"SIL1",82.2567347568028,0.256696359658748,0.0712163933088352,3.60445604912292,0.000312807375623849,0.00893735358925284
"SLC12A7",24.9546572396498,0.790858351601473,0.16962672528271,4.66234521879368,3.12626197199753e-06,0.000606305352144975
"SLC17A2",76.8707087470549,-0.474450733393406,0.119152858113141,-3.98186615836688,6.83762824234147e-05,0.00344278310406936
"SLC22A18",68.7816406475429,0.63224447362718,0.136839031254561,4.62035186767011,3.83089781216055e-06,0.000710659304284855
"SLC23A2",65.0928210342487,0.402576230410256,0.105931493623988,3.80034507810522,0.000144494730918485,0.00552099270375108
"SLC25A39",104.832995532693,0.272156789713178,0.0691055159725548,3.93827881729823,8.20681973102064e-05,0.0037786795883836
"SLC25A51",39.9530025775848,0.391143458758742,0.105033190331093,3.72399864772034,0.000196091975832073,0.00646901363569724
"SLC26A6",4.38607232179383,0.796935749579076,0.210005308169098,3.79483621879394,0.000147740950492568,0.00561152571603817
"SLC29A1",11.8692674263779,1.1327251869001,0.238536575688185,4.74864361422209,2.04785443248597e-06,0.00046788004826716
"SLC2A4RG",2.69991298913789,1.14555273897944,0.236210913994474,4.84970283382519,1.23646574417765e-06,0.000359699125578951
"SLC2A8",8.04345206431704,0.70466911355538,0.191557885306966,3.67862232570676,0.000234497214518479,0.00737485097257132
"SLC35B3",89.056271427268,-0.387504306308261,0.108224947194285,-3.58054511787023,0.000342878128616888,0.00949965377986182
"SLC38A3",39.2961663465707,1.11803894681603,0.280006379113874,3.99290527006652,6.52686482041217e-05,0.00334175478805103
"SLC9A3R2",53.466512511176,0.601741243056255,0.126696352636046,4.74947566000456,2.03944740218876e-06,0.00046788004826716
"SLIT2",43.2348856880717,0.771476370618989,0.196360349764156,3.9288806092757,8.53421942523493e-05,0.00387368824975203
"SMARCAD1",42.8286508182047,-0.564008010704484,0.121849208284077,-4.62873759006762,3.67901602422356e-06,0.000692520663383258
"SNF8",94.5926373720294,0.316896887599823,0.0677467525412521,4.67766904999408,2.90154343182534e-06,0.00058951993535499
"SPRYD3",14.2529417456011,0.447367525567787,0.109338541886703,4.09158122879808,4.28441821579441e-05,0.0025757746560257
"SPTBN2",33.3786703169706,0.761699864311147,0.181744910925717,4.19103819981221,2.77680898696194e-05,0.00193419364351374
"SRA1",146.116178725703,-0.337813716908669,0.0822475102970642,-4.10728197958263,4.00342367507396e-05,0.00242861720573207
"SREBF1",23.1189114297808,0.969808421248803,0.211781370515113,4.57929051497754,4.66555801142156e-06,0.0007635069886399
"SRSF11",541.20271708031,0.334848396705647,0.0821406164486436,4.07652646379885,4.57134550025183e-05,0.00268409277079006
"SRSF7",195.798449597452,-0.334470399477009,0.0706148071469953,-4.73654765891746,2.17389636673651e-06,0.000476179320958451
"SSBP3",65.3806798609739,0.410536653877181,0.109262977357694,3.75732625821836,0.000171738525813082,0.00610649458004657
"SSR3",366.804148174473,-0.304565191145871,0.0842106730899034,-3.61670534114739,0.000298376632969607,0.00869933742768877
"STARD10",136.225362962882,0.646764008541295,0.165080607337245,3.9178678766308,8.93356463665681e-05,0.00397821989757732
"STK19",22.531924759006,0.542538806917214,0.13140439147435,4.12877226422921,3.64705406003706e-05,0.00236527252778706
"SUMF1",7.80100423527812,0.883287323284401,0.174962408714544,5.04844057517239,4.45430976742482e-07,0.000190050550076792
"SYNGR2",21.2198821999334,0.562982937740693,0.128279899842909,4.38870733786135,1.14026392817739e-05,0.00121628152338922
"TAGLN",13.3560246674746,0.713802474981172,0.187550383117039,3.80592384359849,0.000141275852324009,0.00544677984863649
"TBL1X",15.9486661253291,0.664895820416834,0.144832486249976,4.59079200828775,4.41567202532009e-06,0.0007635069886399
"TCIRG1",34.2911993805312,0.721326956868569,0.128689552678067,5.60517106367647,2.08049381659766e-08,2.95892453916111e-05
"TCN2",29.2482757892689,0.58322074103638,0.153991106755511,3.78736638319218,0.000152252512650589,0.00569833965475888
"TCP1",170.053961114401,-0.274605981374465,0.0716452835498452,-3.83285497339703,0.000126664633678311,0.00509845066378106
"TEF",38.5593889769001,0.738799979787601,0.145195912798027,5.08829736010063,3.612925548815e-07,0.000171279433425304
"TEPSIN",15.556849864136,0.602440776099437,0.166702017886911,3.61387812658708,0.00030165089581539,0.00873559155302488
"TET3",42.2463419781256,1.03310920289489,0.238104031786267,4.33889840144436,1.4319870006858e-05,0.00140184739700266
"TFRC",17.4368427075709,0.69019818018679,0.183325187449924,3.76488462817103,0.000166625999372885,0.00600792335767023
"TIMM50",42.6812841564197,0.396753473378787,0.0866802713028369,4.57720617870058,4.71226969551188e-06,0.0007635069886399
"TIMP1",25.2993860990765,0.796367338695129,0.18850828460403,4.22457474677007,2.39392388392949e-05,0.00176078431715264
"TLE5",22.1609784246439,0.490321405510857,0.128648298379663,3.81133222659374,0.000138219852578258,0.00539132037894959
"TM4SF18",302.704237167764,0.915601835351378,0.232990890235158,3.92977525613667,8.50252948191279e-05,0.00387368824975203
"TMEM120A",41.5092050473022,0.540201203936304,0.131406523758466,4.11091617436916,3.94092265915976e-05,0.00242518317486755
"TMEM127",149.364426574415,-0.227629876631317,0.0585895092026011,-3.88516442157211,0.000102260656202584,0.0044298557811613
"TMEM167A",206.277284229243,-0.273344929152058,0.0673801852701682,-4.05675538077034,4.97591493660775e-05,0.00279349610476224
"TMEM205",66.7967190213871,0.596029686249101,0.125192087652636,4.76092137630036,1.92711119388185e-06,0.0004592241832998
"TMF1",291.851811914072,-0.385532513508472,0.0840589942457843,-4.58645165776305,4.50842733019812e-06,0.0007635069886399
"TMPRSS6",25.970320498204,0.869813555425926,0.175265787667351,4.96282570034036,6.94749255536072e-07,0.000245728075908007
"TNKS",421.770850118578,1.21774616482914,0.284805066328429,4.27571805701263,1.90522215601238e-05,0.00165865358855723
"TNRC18",38.6145824539838,0.463894802464493,0.101863229317968,4.55409479525174,5.26116291531804e-06,0.000829162525266126
"TOB2",130.93514918545,0.449846659568797,0.11259297880026,3.99533491663656,6.46028603878912e-05,0.00332373818498719
"TOP3A",17.9372518162069,-0.537433565333154,0.147881822112597,-3.63420978762321,0.000278833917299777,0.00830017242194685
"TPI1",234.579265862618,0.323533224123033,0.0762790984585519,4.24144006236299,2.22090202323837e-05,0.00172000053668743
"TPM1",122.370782606376,0.397901462854505,0.108945440474386,3.65230028096546,0.000259901716358604,0.00790199992729247
"TPM3",143.014301097123,0.341324567155743,0.0754922168566778,4.52132128804415,6.14548303340054e-06,0.000855023726386162
"TPM4",92.8864597595337,0.631383994337214,0.147123996794231,4.29150925814144,1.77462802524213e-05,0.0016245118947811
"TRAPPC5",71.5698186027053,0.303871114448474,0.0592774991797268,5.1262472043085,2.95574466106257e-07,0.00015763971525667
"TRIM3",16.3777434726506,0.451010301299119,0.125467770888166,3.59463070162552,0.000324852034205885,0.00915882387188397
"TRIP11",697.824036317288,-0.329302222457057,0.0748014214866159,-4.40235246753939,1.0708340475126e-05,0.00117151075283429
"TSKU",6.58986478417103,1.71643498755492,0.432526083763211,3.96839647824476,7.2357877700852e-05,0.00353504135332406
"TSPAN3",99.9634710396528,0.258392184975765,0.0718537259884031,3.59608609604279,0.000323040922403854,0.00912786712311112
"TSPO",10.5078527477281,0.866064499425741,0.19140028594637,4.52488613140532,6.04280316861861e-06,0.000855023726386162
"TTBK2",71.2134265789559,0.292962457456535,0.0778927624193468,3.76109985520002,0.000169167875343038,0.00606595634634132
"TTYH3",4.82276126648888,0.833571339891347,0.215844905428466,3.86189953493067,0.000112508834318164,0.00480037693090832
"TUFM",80.4942213769032,0.26333603090409,0.069768930882954,3.77440255385121,0.000160391587039316,0.0059080000695084
"TWIST1",4.16542480499626,0.790925182021332,0.203239270677559,3.89159624212655,9.95868711433161e-05,0.00435055273254077
"UBALD2",16.1334395411581,0.515333421367495,0.14441107374314,3.56851734434233,0.00035900709147356,0.00984002306394339
"UBB",2815.57572304983,-0.407922432898888,0.101397663895602,-4.02299636132526,5.74623845471619e-05,0.00306466050918197
"UBE2D3",551.315261395383,-0.240200398810854,0.0472050229995413,-5.08844999001882,3.61001950724217e-07,0.000171279433425304
"UBE2E2",42.0381029778648,0.394222353779445,0.109984340587141,3.58434984175863,0.000337918903438425,0.00938256391325779
"ULK1",31.770084809462,0.500761475688985,0.13634117057355,3.672855921527,0.000239854733018191,0.00746266239020446
"UMPS",133.967445008202,-0.321936363398689,0.0846799073464572,-3.80180344413376,0.000143646668467375,0.00551416735306744
"UNC93B1",10.3710762130144,0.741858925526414,0.175220078121135,4.23386939146063,2.29704383202991e-05,0.00173388061443373
"UROS",8.85454184158248,0.591107183646834,0.158217945647992,3.73603121457503,0.000186947472145799,0.00634728817895551
"USP2",12.251186426188,0.716482159537814,0.1669475727724,4.29165963685255,1.77342638538946e-05,0.0016245118947811
"USP39",50.7691402958074,-0.398944392294647,0.107109095335907,-3.72465467142178,0.000195582767850102,0.00646888741209641
"UTP11",170.290496655777,-0.383913718554803,0.0946176287952827,-4.05752842723895,4.95947821153268e-05,0.00279349610476224
"VAV2",3.59509967873833,0.993002378753758,0.238828265499841,4.15780928055361,3.21314099081949e-05,0.00218767046183455
"VDAC2",179.251005512343,-0.303009624325984,0.0665650976263249,-4.55207962026861,5.31182242748612e-06,0.000829162525266126
"VPS8",10.7660015257109,0.592658993930323,0.150146518412645,3.9472043720756,7.90690588981802e-05,0.00372089688932613
"VWCE",7.22086374184932,1.41499315122269,0.350854017273733,4.03299686353236,5.50700149796156e-05,0.00297424553476405
"WDR55",45.482974345976,-0.47861248886376,0.121289815805104,-3.94602370930156,7.9459749056756e-05,0.00372558530375999
"WDR81",12.4231118793291,0.590788376543916,0.14580119157585,4.05201336256961,5.07787641571092e-05,0.00282594861396086
"WFDC1",27.0898248497288,0.610811524821993,0.164318673095367,3.71723744669903,0.000201413126666993,0.00661048210599362
"WRNIP1",46.2471866091268,-0.454186760910417,0.110575204016697,-4.10749195490368,3.99978705383996e-05,0.00242861720573207
"YIF1B",9.67878283417628,0.690587834948408,0.134226194972945,5.14495575984707,2.6758386249242e-07,0.000148916236517521
"YWHAH",42.3162169540867,0.45940684584937,0.122832776373457,3.74009982850672,0.000183947183987596,0.00631239666230894
"ZC3H15",143.407313148124,-0.258142690839825,0.0687371820504298,-3.75550296272598,0.000172993714555107,0.00610649458004657
"ZFP91",180.709272833543,0.284924923790178,0.0636962650481929,4.4731810189279,7.70644846974172e-06,0.00102244063229835
"ZFPM2",2.99485176978542,0.878953605572515,0.221766340911013,3.96342205026148,7.38829950410352e-05,0.00356868806235944
"ZMYM2",18.804759323399,0.568359392113967,0.116122327954648,4.89448844270452,9.85617684248895e-07,0.000300378722818711
"ZNF358",59.9922377561739,0.410976367234429,0.0965813214939075,4.25523652894265,2.08828138688757e-05,0.00170254788230324
"ZNF362",14.9669223630046,0.803316996691079,0.177550720937195,4.52443669308015,6.05565751866898e-06,0.000855023726386162
"ZNFX1",80.8915763528913,0.430536582203111,0.0934745400991001,4.60592351400353,4.10639315226028e-06,0.000750883319270452
